index,profile1,KBH,Kalundborg,Vordingborg,Ronne,Helsingor,Hillerod,Naestved,Slagelse,Nykobing_F,DTU,Odense,Arhus,Alborg,TVIS,Esbjerg,Herning,Randers,Thisted,Svendborg,Frederikshavn,Hjorring,Holstebro_Struer,Horsens,Silkeborg,Sonderborg,Viborg,Bronderslev,Grena,NG_DK_West,BIO_DK_West,OVR_DK_West,NG_DK_East,BIO_DK_East,OVR_DK_East
t0200,160.2333846199011,1545.9128478200626,105.4716627303713,17.077357352966366,25.23783995347198,91.32962292910862,53.35009499036231,35.74036743585099,29.64329037349701,37.70428733377211,17.56362500604978,418.955926274574,498.70913798386414,299.52087899234516,278.50189449012856,186.04946364163482,126.6256076296491,89.25895988506538,32.87113469110545,28.62533014285639,35.37409412244137,54.15135826891339,85.02689913511024,48.60588765028513,63.05118911326903,52.6532155925832,50.62790683093801,20.123812617833078,38.54501703518996,362.65446435684123,513.7906120398633,215.32201216297906,78.22824318614079,201.45018994614625,27.473435416274537
t0201,160.8164562216089,1551.5382540512128,105.85546247016251,17.13949997154957,25.329677667567722,91.66196134691691,53.544230097793786,35.870422688293424,29.751159035442615,37.841489073965654,17.627537098953297,420.48046065021214,500.5238854945676,300.6108024129436,279.51533214598425,186.72647710558763,127.08638424017244,89.58376338859502,32.99074912226635,28.72949455987474,35.50281654672181,54.34840908498026,85.33630263666242,48.78275911082321,63.2806254315061,52.84481483280059,50.81213619610465,20.197040950888525,38.68527809797581,363.9741239265409,515.6602393701176,216.1055452001962,78.51290712906085,202.18324495334636,27.57340821551723
t0202,162.3958394641663,1566.7759578049781,106.89507214374065,17.30782751511623,25.578441192069278,92.56217622002524,54.07008958841431,36.22270718596493,30.04334606114406,38.21313147376137,17.80065766979389,424.61001187262326,505.4395455944301,303.56311012459025,282.2604606110767,188.5603234407907,128.33450343358103,90.46356821718919,33.314752259428644,29.0116477881021,35.851490773445306,54.88216644156687,86.17439302574813,49.26185605199182,63.902106352882384,53.363805345114585,51.311163710528206,20.395396696168234,39.06520737509793,367.54872472026767,520.7245540556247,218.22792424480457,79.28398474610042,204.16889266943056,27.844207485063198
t0203,163.8264800972535,1580.5786103579983,107.8367738165804,17.460302365428227,25.803776751287714,93.37761096776435,54.5464248655685,36.54181435590013,30.308015598065644,38.549773464001085,17.957474151312812,428.3506516464313,509.89226035536507,306.23737642034956,284.7470593158004,190.22146242928054,129.46507768871555,91.26051509053642,33.60824154105577,29.26722848706226,36.16732767928278,55.36565578219425,86.933554027662,49.69583276692375,64.46505765871596,53.833918548228525,51.76319398407144,20.57507176258463,39.40935580399364,370.7866779951742,525.3119234619854,220.15042260885767,79.98244408166649,205.9675367407878,28.0895035145408
t0204,164.1339902948005,1583.5454325739258,108.03918863742916,17.493076194338155,25.852211683671886,93.55288524319357,54.64881113350233,36.61040510230839,30.364905203813663,38.62213324641397,17.99118119562236,429.1546864607604,510.84935269853503,306.812198732734,285.2815432674128,190.57851728057554,129.70808987814831,91.43181547498631,33.67132582992874,29.322164485249896,36.235215496153415,55.46957978603536,87.09673249769102,49.78911423975004,64.58606167835761,53.934967407470744,51.86035599352349,20.613692163746276,39.4833290638799,371.4826624570903,526.297959255843,220.56365556061442,80.1325749833696,206.354147732331,28.14222886620328
t0205,163.8260025825575,1580.5740033523775,107.83645949838083,17.46025147285597,25.803701539498974,93.37733879453883,54.54626587588947,36.54170784532038,30.307927257506496,38.54966110070459,17.957421809604654,428.3494031075438,509.8907741423453,306.23648381222165,284.7462293467662,190.22090797957404,129.46470032922412,91.26024908813501,33.60814358113358,29.26714318014664,36.16722226024141,55.36549440465459,86.933300637309,49.69568791555135,64.46486975861342,53.833761635333644,51.763043106839476,20.575011791210454,39.409240935221845,370.785597241393,525.310392304365,220.1497809234472,79.98221095212328,205.9669363950706,28.08942164040956
t0206,161.9601498012939,1562.5724751843336,106.60828475990928,17.261392572201462,25.509817128444585,92.31384237424997,53.92502565585307,36.12552576103279,29.962743162940953,38.110609965673255,17.752900519335792,423.47083125361576,504.0835084819707,302.7486846470222,281.5031877318477,188.05443742781097,127.99019648138099,90.22086469923683,33.225372548541465,28.93381281963322,35.75530528014637,54.73492379869172,85.94319687953217,49.12969206597729,63.73066423179364,53.22063629326501,51.173501663936406,20.34067815448624,38.960399843775356,366.56263307844404,519.3275089948986,217.64244341563258,79.07127478567787,203.62113063125472,27.769504626836383
t0207,158.7500341683046,1531.6016571379062,104.49526546513937,16.91926479440444,25.004202241948203,90.48414470534523,52.856209850980186,35.409503238593,29.36886948257818,37.355242271930926,17.401030855360165,415.0774682122132,494.09236959443956,296.74808334698196,275.9236807680482,184.32712246681183,125.45337905377096,88.43265069382771,32.56683223500865,28.360332954566136,35.04662067728003,53.650055485268766,84.2397679793333,48.15592171111877,62.46749670692859,52.16578177027121,50.15922217674311,19.93751769180804,38.188188971165886,359.2972135270388,509.03422785561065,213.32868221654945,77.50405015899462,199.58527751894098,27.21910182076128
t0208,152.4062511565032,1470.3975848093457,100.31954800249846,16.243156942603157,24.005013585157432,86.86832324724973,50.74403187333409,33.99451012518577,28.195265103369863,35.86249581321102,16.70567123224957,398.4906283716968,474.3480287701041,284.8897838525364,264.89754166968237,176.96125779632308,120.44015799222053,84.89880863767223,31.265434612242764,27.227030531364964,33.64612865195002,51.506154777765154,80.87347699347546,46.231571145343416,59.97124373617935,50.081193871280654,48.15481806308701,19.140797951283826,36.66215727160792,344.9393989205618,488.6927979843433,204.80389116837517,74.40692404295754,191.6096843194586,26.131403940054224
t0209,144.6678820249804,1395.7387096319098,95.2258613088098,15.418416859244989,22.78616819843891,82.45761734757261,48.167523056419576,32.26845187102766,26.763661297913295,34.041591299948365,15.857447162672145,378.2574190748806,450.2631889713487,270.4246140020765,251.4474702722305,167.9761175910154,114.32485501921016,80.58810408927293,29.677944123820627,25.844588466107503,31.937759333895414,48.890949461767946,76.76715712026648,43.8841807966001,56.92622676485758,47.53834040049117,45.709775587428766,18.168931253592866,34.80065025353742,327.42523282437014,463.87960801330854,194.4050518989435,70.62894092339168,181.8807758581126,24.804591896069105
t0210,136.9837428240621,1321.6030384463058,90.16787080268014,14.599456494678607,21.575864391944332,78.07782135549888,45.60907022675101,30.55448970814555,25.342090068275162,32.233447553678516,15.015167385961655,358.16600264390263,426.34713398612536,256.0608150146292,238.0916560013272,159.05394459772927,108.2524076466778,76.30760864624752,28.101578653804726,24.471834454752546,30.241362144333298,46.294071315280554,72.68961403942538,41.55324078946629,53.90254905200716,45.01330706271868,43.28186779241529,17.20387532735476,32.95218854187374,310.03380473612935,439.2403070810796,184.07908694222087,66.87743363599624,172.22004688287655,23.487078054825112
t0211,130.6038063630554,1260.050161892259,85.96835577494278,13.91949547973604,20.570981322800147,74.44139319992061,43.48485487029084,29.13143249772299,24.161797275192686,30.732193878811508,14.315844883167639,341.48463380223114,406.49026944813886,244.1349346417653,227.0026785367875,151.64610159763467,103.21061605667985,72.75362709619085,26.792764318839986,23.332073299984547,28.832888664214252,44.137952439976175,69.30413843928598,39.61792328010168,51.39206984514398,42.916839021771835,41.266040507100406,16.40261505216593,31.417459932375287,295.5941644240586,418.78295066405155,175.505712801029,63.762656886021944,164.1990004888125,22.39318134449105
t0212,126.5606781344043,1221.042536303606,83.30701614263391,13.488586866351078,19.934161328089832,72.13689605999762,42.138685496359,28.22960489902977,23.413815670837923,29.780811188980884,13.872666401805255,330.9132255023966,393.906468647501,236.57720050416953,219.97531108763235,146.95156281497535,100.01550431456698,70.50137847005453,25.9633353400247,22.60977762714718,27.94030314685359,42.77156499358848,67.15867632536182,38.39146328299378,49.8011152312937,41.58825382838894,39.988559414435144,15.894836008140539,30.444863323881385,286.443396588968,405.8186028654824,170.0725472488487,61.78874352799139,159.11585909745705,21.69995113823248
t0213,123.9121337029432,1195.4896911563192,81.56364421259497,13.2063102369922,19.516997697492886,70.62728203786276,41.2568461884031,27.638841923042307,22.923833063061448,29.157586007181482,13.58235211233061,323.9881805862304,385.66315959265455,231.6263323811293,215.37187190076776,143.87629687040777,97.92247264851657,69.02599104238213,25.419998750409142,22.136621181451147,27.355594409481412,41.876481370787864,65.75324186635126,37.58804236432714,48.75892370410924,40.717933443613546,39.15171594993681,15.562203629593697,29.807741475202377,280.4489749870322,397.32600771945084,166.51342679690248,60.4956860395964,155.7860300480095,21.245834697033352
t0214,124.3972543277654,1200.1700778836803,81.88296892165089,13.258013434107054,19.593407471376363,70.90379048112659,41.4183682799288,27.74704901997772,23.013580724461036,29.271739043848743,13.635527527412115,325.2566063965533,387.1730452459919,232.53315811104036,216.21506081167863,144.43957793860568,98.30584278101117,69.29623037167758,25.51951899357065,22.223286878974704,27.462692581837356,42.04042935716225,66.01066826056346,37.73520095205141,48.94981670890328,40.87734567164433,39.30499637806686,15.623130237205002,29.92443989477487,281.54694318361425,398.8815538581773,167.16533307302757,60.732528906663255,156.39593816577818,21.329012932248016
t0215,126.3353191402204,1218.8682992349259,83.15867634513039,13.46456855028347,19.89866576491003,72.00844622408283,42.06365167132208,28.17933813797862,23.37212409627174,29.727782288105356,13.847964178389232,330.3239882072063,393.2050630696749,236.1559416997892,219.58361427008407,146.68989499778363,99.8374127162335,70.37584090202952,25.917103988991062,22.5695177548086,27.89055152804762,42.69540423806227,67.03909090617394,38.32310191137159,49.712437378083706,41.51420012394627,39.91735418970548,15.866533028824099,30.39065198527391,285.93334404581276,405.0959860660863,169.76970928407746,61.678720025442146,158.83253104886026,21.661311339248797
t0216,128.7444101148617,1242.110925595842,84.74443097027853,13.721324703611616,20.278113859297967,73.38157686622606,42.865764368638054,28.716690555668098,23.817807643847463,30.294662021292933,14.112031311367982,336.6229435912842,400.7030990509909,240.65920453736058,223.77085903201828,149.4871278263801,101.74121453145877,71.71783935743925,26.41131781402141,22.999896384436056,28.422397067531413,43.509563838944864,68.31746080264736,39.05388598318346,50.660404937987025,42.30583531764098,40.67853909321805,16.169092295533698,30.97017199527149,291.38581326168753,412.820770319111,173.00705159806492,62.85487289189273,161.86131207093172,22.074371360796373
t0217,131.7689966767803,1271.2917809869045,86.73532802655821,14.043679159803068,20.754506664431556,75.10552690867037,43.872807818214476,29.391330458712883,24.377358313811868,31.006373136095664,14.44356462009694,344.53121107032524,410.1167987030961,246.3130002664048,229.02789762944857,152.9990221105676,104.1314162496583,73.40270329038066,27.031797700267198,23.540231902442795,29.090123147065846,44.53173204014912,69.92243979710419,39.97137714749928,51.85056752337683,43.29972437952971,41.63419815903737,16.548952044254914,31.69775283512026,298.23132689865815,422.51914987030153,177.07149837997815,64.33151955740863,165.66391250187453,22.592963561584735
t0218,135.4819767180084,1307.114175696035,89.17935165847476,14.439401232072202,21.339326090503345,77.22184660018212,45.109053550442724,30.21951786341801,25.064262268154565,31.880069130667064,14.850554644390407,354.239393894409,421.6730488572365,253.2535953756437,235.4814340016537,157.31022072140186,107.06562596477204,75.47104090516801,27.793498311722903,24.203547351630345,29.90982314756647,45.786544905363336,71.8927107253822,41.097688566057876,53.31161016008209,44.51982179596699,42.80736446291561,17.01526756758156,32.59093049144921,306.63487395730266,434.4248728405786,182.0610099945192,66.14424982145127,170.33198174565905,23.229586931967734
t0219,139.778431679937,1348.565867810518,92.0074405099692,14.89730890786542,22.01604675613539,79.67073459275404,46.539568676141656,31.177850481649685,25.859109498744004,32.89106176984425,15.32150097049905,365.4731656364322,435.0453018089711,261.284867821149,242.94910903908163,162.29890109611557,110.46093101620174,77.86440669472859,28.67489609335774,24.97109926985803,30.85833461149529,47.23854488952113,74.17259917405367,42.4009937896815,55.00224781941764,45.93165098456514,44.16488756605566,17.554862077052288,33.624466231153576,316.3589934131054,448.2015163891592,187.83459662732116,68.2418409345476,175.73361306130985,23.966252254213053
t0220,144.382776579709,1392.9880458306425,95.03819414171107,15.388030884538619,22.741262165812245,82.29511330465147,48.072596505229384,32.20485854809977,26.710916587306993,33.974503547577434,15.826195965302707,377.5119650847964,449.37582900461587,269.89167241954823,250.95192805532054,167.64507724446165,114.09954834961911,80.42928440532967,29.619456065823755,25.79365502601461,31.874817726066464,48.79459721190483,76.61586759969954,43.79769567819472,56.8140389246664,47.44465381631207,45.61969266273468,18.133124679509848,34.73206657934942,326.7799567928778,462.96541337422394,194.02192650781427,70.48974834402196,181.52233278932985,24.755708037963803
t0221,149.7296033271216,1444.5736013845035,98.55767735501634,15.957885108654054,23.583423479637368,85.34269088573325,49.85283547071176,33.39747863174636,27.700083346945213,35.232657661257086,16.412276451505004,391.49210260673505,466.0172509185109,279.8863826417893,260.24525592327564,173.85336056132863,118.32491740980366,83.40776604504421,30.716332741062978,26.748853477475958,33.055215637949985,50.601573526408686,79.45312963235023,45.41962522044817,58.917993635519615,49.201638617797315,47.309094949600876,18.80463604912979,36.018274996853144,338.88137120593206,480.1100888957509,201.20700530191675,73.10014607145538,188.2445228399894,25.67246892194256
t0222,155.782983431717,1502.9759006221502,102.54224066112859,16.603042392729005,24.53687171777897,88.79298886022042,51.86832309433663,34.74769681305936,28.819962981313147,36.65706982945551,17.075804207773793,407.3196373918791,484.8577439968585,291.2018381200854,270.7666452779213,180.8820339201952,123.10864544360831,86.77983743457928,31.95815555611884,27.830276081044435,34.39159655561473,52.64733169072288,82.66532003075483,47.25588371281164,61.29997423622112,51.19079916924665,49.22174233375684,19.564883903959586,37.47444868878133,352.58192009334385,499.5203377413821,209.3415522167233,76.055493311007,195.8550128435533,26.71037464769547
t0223,161.6189950597423,1559.2810543651926,106.38372383008088,17.225032974306455,25.456082953215923,92.11939142396707,53.81143735519172,36.049430533783735,29.899629292569312,38.03033333398846,17.715505603389516,422.57882737384523,503.0217011221505,302.1109712996799,280.91022614608454,187.6583173755819,127.72059644424027,90.0308224214494,33.155386237719576,28.872866300093104,35.67998988962029,54.61962951917111,85.76216513094755,49.02620471171241,63.5964212200924,53.10853172654217,51.065709205384906,20.29783231365878,38.878333204816585,365.7905012885946,518.2335914952596,217.18399884377206,78.90471813364489,203.1922207155737,27.711010619603076
t0224,167.5092366201922,1616.1094121176272,110.26090318779026,17.85280327486967,26.383835769163497,95.47670389635455,55.77260760389876,37.36326034619009,30.989328179980635,39.416357605942494,18.361151292071693,437.9798102264086,521.3544430666395,313.12147534568925,291.14806414395986,194.4975680451035,132.37540304678862,93.31201651470731,34.363741938099935,29.92514457336944,36.980355352520164,56.610254517744295,88.88778702447401,50.812976052774815,65.91420746315126,55.044084417452765,52.92681075823283,21.037591495039415,40.2952630276965,379.12182049591576,537.1207342937793,225.09931978597572,81.78041878934182,210.59760807599238,28.720944794563877
t0225,173.2004123057474,1671.017205723631,114.0070498717043,18.459357528037884,27.28023436574718,98.72055305187261,57.66749838556362,38.63268812883496,32.04219973863674,40.755539973113805,18.984976818953964,452.8603033682664,539.06761393294,323.75986975944386,301.0399054357303,201.1056802453144,136.87289638140174,96.48231977841766,35.531260198757046,30.941860180335283,38.23677382514833,58.53360460019366,91.9077757872639,52.53936189069696,68.1536620891519,56.91422340913444,54.72501475330092,21.752349866666894,41.66430646561898,392.0025960889775,555.3695695514514,232.74713552109043,84.55893262152962,217.75272388155085,29.696747359121034
t0226,177.4968591497354,1712.468819517178,116.83513337966379,18.917264338637047,27.956953752748767,101.16943641739098,59.0980108083745,39.59101893634423,32.83704546740138,41.76653070207006,19.45592225523266,464.0940538846298,552.4398416184596,331.7911270302545,308.5075663633531,206.09435119416162,140.26819501756935,98.87568104583117,36.41265631503408,31.709410648311323,39.18528349691134,59.98560184086881,94.18765992819816,53.8426646517894,69.84429655411064,58.326049930150695,56.08253529146776,22.291943356600306,42.697840252508335,401.7266971715342,569.1461870697408,238.52071124498408,86.6565197713306,223.15434499108463,30.433411289473412
t0227,180.1229921693029,1737.8054419985936,118.56375327234072,19.19715240402345,28.370587434653412,102.66627641117711,59.972388182250754,40.1767830034106,33.32288194800206,42.38448228676236,19.743779967788026,470.96050056391,560.6133975695258,336.70010197475546,313.0720522404229,209.14359490140237,142.34351590096608,100.33858406321714,36.95139530758383,32.17856334618699,39.76504455502416,60.87311145905334,95.58120190385966,54.639287195877806,70.87766928131188,59.18900585149067,56.91229756701168,22.621761071682865,43.32957091348155,407.67039527040583,577.5669197068402,242.04971518709195,87.9386356860709,226.45599774510137,30.883685095264774
t0228,180.647841830552,1742.8691297963874,118.90922913298444,19.253089843296767,28.45325480001963,102.96542956062882,60.14713815304942,40.29385173903098,33.419979509460596,42.50798390586448,19.801310192569826,472.3328043226125,562.246935566327,337.6811923527006,313.98429425120685,209.753005968887,142.75828219593973,100.6309546885413,37.0590657780568,32.272326545811474,39.880913550497226,61.05048599377367,95.85971027659352,54.79849736127798,71.08419550133745,59.36147317116315,57.07813092198325,22.687677274230573,43.45582637005665,408.85828175997653,579.24985756228,242.75500943904385,88.19487484018822,227.1158543923451,30.973675226258923
t0229,179.4703570008159,1731.5088946573726,118.13416416679992,19.127595838019403,28.267792989105413,102.29428823911431,59.75509171612775,40.0312114623824,33.20214397661546,42.230911643696125,19.672242819694592,469.25408106723995,558.5821409555175,335.4801448491524,311.9377060411856,208.3858101030677,141.82776617149378,99.97502976108623,36.81751023376867,32.0619715559986,39.620964855700336,60.65255142462939,95.23488490647112,54.441314022238906,70.62085998075409,58.97454779513018,56.70608865129082,22.539796206061414,43.17257595424275,406.19329324195195,575.4742358167064,241.17270245956144,87.62000980923919,225.63548534708198,30.771785005315667
t0230,176.1915888130356,1699.8757248373815,115.97595516876265,18.77815120665818,27.751364861695954,100.42546007342166,58.66341787621978,39.29987585434898,32.5955695246789,41.4593894160021,19.31284795907585,460.68121489200655,548.3773283912965,329.3512127795609,306.2388739653551,204.57878159781063,139.23669555884143,98.14857244172207,36.14488616746,31.476227067983526,38.89712409832422,59.54448177211356,93.49502593356654,53.446718304594775,69.33067795310296,57.89713381751981,55.67011746011267,22.12801362539184,42.38385033409671,398.772493115247,564.9608192903526,236.76668579029152,86.01926801780102,221.51332019539055,30.20961110962221
t0231,172.2206597272675,1661.5646680870466,113.3621397378906,18.354937435184695,27.125916719469327,98.16211491010426,57.341287382451206,38.41415241460687,31.860944813223057,40.524995802667426,18.87758342569855,450.2985828503441,536.0182396404963,321.928438973672,299.336995958498,199.96807435775173,136.09863971902752,95.93654277753065,35.330268507496406,30.766829607999618,38.02047770177763,58.202494245020105,91.3878758683713,52.242159507637794,67.76813341011608,56.59227349922981,54.41544866394746,21.62930211761049,41.42862162430228,389.7851328094386,552.227979063683,231.43054162200633,84.08060331984642,216.5209497197356,29.52876008697642
t0232,167.6157874097757,1617.1374016027974,110.331038939895,17.864159247373617,26.40061823794054,95.53743558131859,55.80808394835133,37.38702670661072,31.009040152005944,39.44142991902897,18.3728306191781,438.2584043836195,521.6860709140493,313.32064848447726,291.33326023670173,194.62128581652564,132.45960558988804,93.37137126575195,34.38560033773463,29.944179629865587,37.00387815127079,56.6462636802185,88.9443275716276,50.84529762995319,65.95613476812663,55.079097356290745,52.960476922500604,21.050973276426276,40.32089440288932,379.36297573091787,537.4623909062467,225.24250299629793,81.83243841745481,210.73156690642853,28.73921387277825
t0233,163.8986858028018,1581.2752425121391,107.88430233781126,17.467997906775594,25.815149637435493,93.41876668494963,54.57046593078712,36.55791997866646,30.321373705062314,38.56676408474837,17.96538881864981,428.53944506374603,510.11699283079105,306.37234901950796,284.8725601646772,190.3053015918932,129.52213877720888,91.30073770825305,33.623054206207755,29.28012787232096,36.18326824891065,55.39005791936112,86.97186955883048,49.71773595782192,64.49347031196162,53.85764557983475,51.78600835413442,20.584140123037972,39.42672528137814,370.9501003776649,525.543452077164,220.24745281167833,80.01769594573001,206.0583159072668,28.101883823380767
t0234,161.2139670555081,1555.3733918205996,106.11711910747402,17.181865890351546,25.392288307850446,91.888534071798,53.67658229642286,35.959088251321944,29.824698823070754,37.935026776705804,17.671109362242937,421.51981658727533,501.7610951171652,301.35386101250396,280.2062463433215,187.18803308915577,127.40052009270566,89.8051991628006,33.072296623701654,28.800508967282536,35.59057345010619,54.48274907681975,85.54723941278583,48.90334176579308,63.43704433772972,52.97543819626091,50.937735124883936,20.24696458917353,38.78090150317732,364.87380584292634,516.9348634762365,216.63972122608993,78.7069776360102,202.6830074290914,27.641564974786256
t0235,158.9639817838793,1533.6657985679954,104.63609386245113,16.94206690830006,25.037900435948846,90.60609029804034,52.927444229764276,35.457224669497066,29.408449943967312,37.40558597771445,17.424482245966473,415.6368686247424,494.7582584863834,297.1480111025321,276.29554345072535,184.57554035562757,125.62245272644738,88.55183148552968,32.610722594717885,28.398554210040643,35.093853050911555,53.722359730786934,84.35329801786314,48.22082150581722,62.55168422878574,52.23608565828491,50.22682182193385,19.96438750883194,38.23965524023664,359.78143882197793,509.7202539082422,213.6161855429773,77.60850246236431,199.85425884201723,27.25578503763834
t0236,158.0726518219426,1525.066351935363,104.04938683289005,16.8470707231074,24.89750994879503,90.09805116797891,52.630673751814996,35.25841179150807,29.243553265644223,37.195848406023124,17.326781100570035,413.3063432432478,491.9840900568074,295.481866844862,274.7463214605387,183.54060333710663,124.91807268544356,88.05531082907852,32.427870392584474,28.239320137271214,34.89707764082773,53.42113206703168,83.8803190381738,47.95044162155029,62.2009494919161,51.9431917101148,49.94519405518848,19.852444812388104,38.025240942939455,357.7641014819589,506.8621917899186,212.4184141711709,77.17334235395819,198.73365223083704,27.102958607603505
t0237,157.0543344423891,1515.2417456340947,103.37909189114914,16.738540469998014,24.737118085963353,89.5176319094243,52.29162250442114,35.03127412355023,29.05516382454186,36.95622960768882,17.215160512675393,410.6437888573165,488.8146869779434,293.57834769159336,272.9763824427078,182.35821926195084,124.11333990611875,87.4880510763906,32.2189673114881,28.05740005083557,34.67226771799989,53.07698862038058,83.33995493537326,47.64154082500078,61.8002457195539,51.608569280123106,49.62344289491275,19.724553685453298,37.78027912780193,355.4593549105545,503.5969427225489,211.04999679856078,76.67618516167049,197.45339325095503,26.92835905816006
t0238,155.8004887109899,1503.1447894975668,102.55376329678813,16.604908070786145,24.53962891745791,88.80296649727185,51.87415151963175,34.75160139957711,28.82320147045688,36.6611889715502,17.077723009910464,407.3654077568369,484.9122272916916,291.2345603686184,270.79707123099377,180.90235957097855,123.12247911896824,86.78958885451028,31.961746682862803,27.8334033594179,34.395461127271304,52.65324765294106,82.6746091038066,47.26119383990933,61.30686249285086,51.196551461415666,49.22727336369907,19.567082403109723,37.47865967945209,352.621539600185,499.57646866673747,209.36507585360744,76.06403964014588,195.8770210027328,26.713376083137206
t0239,153.608546684993,1481.997190651649,101.11094430723183,16.371295223103186,24.194383248644098,87.55360613961828,51.14433909272894,34.26268447634636,28.417690633170185,36.145406245227555,16.83745817452092,401.6342231849069,478.09004400642544,287.1372094708374,266.9872533937136,178.3572617485886,121.39028085336193,85.56855451242883,31.51207995615316,27.44181789614504,33.91155470712995,51.912474197796165,81.5114680143479,46.59628066901004,60.44434216642641,50.47627212427856,48.53469960989467,19.291795010879,36.95137603670424,347.6605412213214,492.5479755860704,206.41953882521696,74.99390201391796,193.1212461151494,26.33754817542437
t0240,151.7789471660284,1464.3454296940793,99.90663283460306,16.17630012347216,23.906208971179307,86.51077330815374,50.53516948451884,33.85458875257837,28.079213417972284,35.71488581321888,16.636910704725086,396.8504413095028,472.395612717197,283.7171777625626,263.807223630262,176.23288542095978,119.94442641199582,84.54936521890932,31.136746111952515,27.114964098580877,33.50764121716808,51.29415549177178,80.54060183608127,46.041282040760606,59.72440215176946,49.875059723076085,47.95661287594844,19.06201444440928,36.51125586578383,343.5196286698478,486.6813388744602,203.96091853949812,74.10066521159784,190.82101903391342,26.02384710531867
t0241,150.2387922623383,1449.486196339585,98.89284473457717,16.012153458707942,23.66362417491421,85.63291775426836,50.02237116470146,33.511054212029364,27.794283662924347,35.35247417743523,16.468090060738753,392.8234588812625,467.60204659361466,280.8381987555852,261.13027800183727,174.44458771735512,118.72730770114687,83.69141276979039,30.820790486322704,26.839818923972913,33.16762727653073,50.77365547127239,79.72332773331456,45.57408479350544,59.118357423159075,49.368959771543906,47.4699800861949,18.868585411141222,36.140763180127905,340.03381294580726,481.7428104118664,201.8912546321176,73.34873943385807,188.88469035539956,25.759773882513308
t0242,150.0391327918529,1447.5599052527148,98.7614213337552,15.990874147068412,23.632176460236906,85.51911610053114,49.95589405856412,33.46651977961926,27.757346518561718,35.30549259452759,16.446204833282373,392.3014171195215,466.9806280131341,280.4649795276397,260.78324956631496,174.2127600150139,118.56952533994166,83.58019127428864,30.77983127322083,26.80415021315868,33.123549240495095,50.70617994771852,79.61737961458385,45.51351922651233,59.03979222863551,49.30335101485748,47.40689497385313,18.843510051340548,36.09273400250457,339.58192585314913,481.10259949836916,201.6229517498294,73.25126280844322,188.6336725144593,25.725540494879137
t0243,152.4879377555877,1471.1856875091607,100.37331720576825,16.25186293883998,24.01787977605097,86.91488287220209,50.77122962510683,34.01273047965679,28.210377182428974,35.88171736938364,16.714625126581534,398.7042111083084,474.6022695047107,285.0424788855829,265.03952127432876,177.05610537120538,120.5047114263804,84.94431264352049,31.282192238672074,27.241623656715138,33.66416228115539,51.533761011655095,80.91682350480032,46.25635031147695,60.00338708270551,50.10803635559079,48.18062804979856,19.151057023182382,36.681807429786424,345.1242793055477,488.9547272186201,204.91366181900048,74.44680461561966,191.71238314804955,26.14540983220739
t0244,157.8530404628572,1522.9475673740637,103.90483034578743,16.823664978625573,24.86291967695056,89.97287736188477,52.55755361585855,35.2094270516212,29.202925007668338,37.144171972898036,17.30270889135349,412.73213406340494,491.30057337368453,295.0713519732827,274.3646146164755,183.28560918801358,124.74452319790993,87.93297501536898,32.38281814219784,28.20008706688545,34.84859490481692,53.34691374221774,83.7637835676027,47.88382376240843,62.11453330988285,51.87102669741203,49.875804873569635,19.82486368221685,37.97241222939047,357.2670574983676,506.1580048636856,212.12329989243125,77.06612492953865,198.4575502805036,27.06530429165165
t0245,165.4821962391581,1596.552764946227,108.9266286861536,17.63676531849792,26.06456322282667,94.32133397078582,55.097699580617586,36.91112505492527,30.614324264558533,38.939377648582365,18.13896178263171,432.67978749739586,515.04549837648,309.3323716072857,287.62486211171694,192.14394007571408,130.77351951579314,92.18284161469924,33.94790401801017,29.5630184143443,36.53285361997681,55.925210073608525,87.81215001892843,50.19808485980117,65.11657526741381,54.37799230156417,52.286339911305475,20.783014205210108,39.80764737754145,374.53404220391116,530.6210006679087,222.37537798935674,80.7907885181482,208.04915245448447,28.37339073692086
t0246,173.8179053760049,1676.974706234622,114.41350712154043,18.525168718688214,27.377493693548967,99.07251097500912,57.87309420463887,38.7704211566459,32.156436396800615,40.900841379576825,19.052661944345054,454.47483820338545,540.9894945541953,324.9141365036304,302.11317109949437,201.8226610093191,137.36087480995417,96.82629796572343,35.65793603432906,31.052173914511073,38.37309534166039,58.74228825594621,92.23544483779267,52.726674908324114,68.39664311611638,57.11713365678552,54.92012004739369,21.829901213835587,41.812847800925894,393.4001613914237,557.3495698070196,233.5769242115056,84.86040162051786,218.52905458559783,29.802622024540845
t0247,182.044929698091,1756.3480692139462,119.82884510888928,19.401988706190124,28.673305572120135,103.76173994528334,60.6123019553363,40.605474899488215,33.67844176083842,42.83673064308889,19.95444886254278,475.985715000498,566.5952209611644,340.2927391730306,316.4125748420573,211.3751863218294,143.86234113196474,101.40921079428598,37.34567186565909,32.521913119431886,40.18934314424811,61.52263607552923,96.6010667016476,55.222296035245094,71.63394392956303,59.820560825498184,57.519559745072684,22.863138427495826,43.79190349768951,412.0202954281249,583.7296395517767,244.63241951510625,88.87695323298698,228.87231492617715,31.213218336396324
t0248,188.5872454210889,1819.467561788289,124.13524429685188,20.099255781853515,29.70376447139247,107.49072082827448,62.79058188187496,42.06475111945922,34.888774833137724,44.37619354860834,20.671570205903876,493.09165050957586,586.9574734491478,352.52215166809935,327.78378395387665,218.9715703970043,149.0324541249267,105.05364667797993,38.68779755209167,33.6906829604601,41.633664455397096,63.73363151486792,100.07270789807464,57.206870371979385,74.2083187196105,61.97038722437818,59.586692956221114,23.68479201740546,45.36569332676128,426.82744694530294,604.7076673669592,253.42399930369444,92.07100587434664,237.09750937121726,32.33495641186063
t0249,192.5394547871045,1857.598012884305,126.73673770149432,20.520474442604478,30.326264131364866,109.7433961492841,64.106479599438,42.9462990893775,35.61993638309542,45.306182251605314,21.104782818960505,503.42533683654153,599.2582990900272,359.9099330975365,334.6531251867789,223.56054188063683,152.1557165688828,107.25524841094831,39.498574948487075,34.39673618503784,42.50617817303884,65.0692926559001,102.16992445455064,58.40575064821302,75.76349712854821,63.26909618137539,60.835447003535585,24.18115250368495,46.31641890558543,435.7724391144345,617.3804825477141,258.7349878670238,94.00053133585155,242.06634485690225,33.01259777246969
t0250,193.9014150722266,1870.738045518487,127.63323137655034,20.66562947721073,30.540782072057656,110.51968455871693,64.55994758775223,43.250086974397654,35.871900006686204,45.6266631679215,21.254071057349538,506.9864008068001,603.4972536710137,362.4558166705517,337.02035047211257,225.14193505378398,153.23201567521534,108.01393648798758,39.77797477569777,34.640047295862594,42.80685278857681,65.52957126464715,102.89264063547516,58.81889356945774,76.29942299509406,63.716640796944624,61.26577679146441,24.352201961547575,46.64404590114453,438.8549489100549,621.7476274478036,260.56519341235514,94.66545993763536,243.77864194647444,33.24611794694266
t0251,193.2670105610684,1864.6173854148456,127.21564237788924,20.598015898622954,30.440859078130064,110.15808747377707,64.3487210633117,43.10858181687045,35.75453471990074,45.477382354617255,21.184532222090205,505.32764829255007,601.5227380128487,361.2699377273492,335.91769100667244,224.4053181539238,152.73067285643285,107.66053768194787,39.64782963656591,34.52671237118944,42.66679779977004,65.31517233615521,102.55599762871933,58.626450562232144,76.04978738449873,63.50817339436083,61.06532809870144,24.27252669576735,46.49143642623516,437.4191081286509,619.7134004180117,259.71267908650543,94.35573452994336,242.9810496745601,33.13734366493867
t0252,190.6400063534724,1839.272357813802,125.48644903636371,20.31803498373881,30.02708817822878,108.66075092133477,63.4740536252632,42.52262342962344,35.268537068893785,44.85922577192265,20.896579016202544,498.4589237522092,593.3464705829496,356.35933428948096,331.3516909163382,221.35506289677528,150.65466351030577,106.19714936408926,39.10891192383812,34.057404037551656,42.086844412902565,64.42736829733443,101.16199336227612,57.82956374820064,75.01607184833001,62.64493119777806,60.23529055950729,23.94259956762657,45.8594961962169,431.4734382794566,611.2898743041884,256.1825044398049,93.07319328867626,239.6783016369716,32.68692048623047
t0253,187.3975042426698,1807.9890788387986,123.35211173927455,19.972455519164196,29.516372202807347,106.81259364856092,62.39445466385998,41.7993770404486,34.668671867049575,44.09623726265492,20.541159380709253,489.9808810615362,583.2545322741811,350.29819363102234,325.71589296518766,217.5901434949744,148.09225243102435,104.39089427859679,38.44372767479276,33.478138401799086,41.37100997470585,63.33155487551664,99.44137876891534,56.845969139141204,73.740160375366,61.57943437197931,59.2107781262572,23.53537166661514,45.079494579238,424.1347187675492,600.8927454661391,251.8252222130273,91.49015711767389,235.60173127885642,32.13096473119486
t0254,183.6839736537738,1772.1613725105249,120.90772571609925,19.576674770613042,28.93146606176063,104.69596015658225,61.158025625447145,40.97106683501759,33.98166606099587,43.22241171950342,20.13410900936133,480.2712587421268,571.6965685997682,343.35656939466486,319.2613996852265,213.2783056347193,145.15760764157739,102.32224997795667,37.68191412103987,32.8147245985214,40.55118843196189,62.07655595104843,97.47081569576915,55.719490715072766,72.27890110037899,60.359156043773105,58.037437869390935,23.06898699965696,44.18618448565643,415.7299256603981,588.9852571569852,246.83497077119046,89.67715806834063,230.93296987012428,31.494246964529623
t0255,179.3869658288134,1730.7043464385401,118.07927294928615,19.118708171770898,28.25465831646822,102.24675704383517,59.727326422657576,40.01261089961362,33.18671655035145,42.21128898692119,19.663102082404787,469.0360414508871,558.3225949214406,335.3242634939801,311.7927637157049,208.28898332217983,141.7618656860811,99.9285762127561,36.800402922121684,32.04707391256909,39.60255491463596,60.624369125152384,95.19063387359532,54.4160177835868,70.58804589167534,58.94714518256987,56.67974008169229,22.52932305576667,43.15251575172599,406.0045549157511,575.2068408452806,241.060641199701,87.57929703955973,225.5306434785813,30.75748684901239
t0256,175.1081167262249,1689.4225135841316,115.26277293904847,18.662676893659533,27.58071069255481,99.8079040168148,58.302673210631674,39.058205302478896,32.39512641628987,41.20443915718968,19.19408558329251,457.84830305656595,545.0051383091566,327.3259013092014,304.3556894497203,203.32074538332267,138.3804737941473,97.54501787185116,35.922616900764474,31.282667241115377,38.65793022702956,59.17831909455151,92.92008787019421,53.1180531974533,68.90433606681938,57.54110133708062,55.32777978812817,21.991939677360644,42.123215197777654,396.3202826085539,561.4866507334622,235.31071336352218,85.49030136023786,220.15114677437018,30.023840207553697
t0257,171.1736200455169,1651.4629523925594,112.6729386925474,18.24334601589085,26.961000900112207,97.5653245498873,56.992672974707276,38.18060818139696,31.667241725740176,40.2786184007032,18.762814506722364,447.56092939095646,532.7594414920368,319.97122982801403,297.5171346626413,198.75234037283153,135.2712089296915,95.35328309557896,35.11547317949781,30.579778347528027,37.78932686925894,57.84864400923595,90.83227044555726,51.92454596376063,67.35612752794766,56.24821282655551,54.0846223035001,21.49780373848702,41.176750502280285,387.41537936607,548.8706315284438,230.02352714981112,83.56942348648133,215.2045802049172,29.349235843991174
t0258,167.9454552527294,1620.3179981753794,110.54803875942414,17.899294594325546,26.45254314908193,95.72533924359371,55.917847658196,37.46055975883264,31.070028937948795,39.51900358512182,18.40896642435957,439.12037392158595,522.7121265401627,313.93688961507087,291.9062564261842,195.00406825295065,132.72012802114665,93.55501469835748,34.45323016465718,30.00307404106722,37.07665762437155,56.75767592752186,89.11926386531825,50.94530049873444,66.08585773166476,55.18742729046869,53.06463993995049,21.09237647035782,40.40019780556504,380.10910934898794,538.5194755032104,225.68551144587047,81.99338700036348,211.14603515060685,28.79573834933285
t0259,164.7172893054298,1589.1730328196027,108.42313806635742,17.55524304971463,25.944085216208205,93.88535327925277,54.84302195728713,36.74051107875214,30.472815936571852,38.75938849787386,18.055118215447507,430.6798154335581,512.6648079949942,307.9025472440226,286.2953761830679,191.2557947925479,130.1690462002401,91.75674565800819,33.79098691297374,29.426369528355448,36.363988124607054,55.66670745563691,87.40625667244423,49.96605468349356,64.81558748108601,54.12664137500541,52.04465721161716,20.686949057232713,39.623644831125596,372.80283671891124,528.1683157760176,221.34749419049365,80.41734995059622,207.08748864480947,28.242240656723183
t0260,161.326207453344,1556.4562739769651,106.19099997451902,17.193828250054736,25.409966928342772,91.952508712514,53.71395300977642,35.98412368990621,29.845463376678474,37.96143790332901,17.68341234306554,421.81328713932237,502.1104312569746,301.5636696157361,280.4013315529972,187.31835715280724,127.4892188904642,89.867723343961,33.09532222004538,28.820560459367282,35.6153523212934,54.520681059657626,85.60679911695307,48.93738925333743,63.4812104805525,53.012320759026906,50.97319899789507,20.261060932077097,38.80790154475345,365.1278383059673,517.2947638979651,216.79055014582678,78.76177501271196,202.8241194047094,27.66080958681487
t0261,159.0036584299659,1534.048594182587,104.66221052873915,16.946295566799634,25.044149775599255,90.62870514284798,52.94065466554606,35.466074622414936,29.41579015177595,37.41492223225366,17.428831313016488,415.74060959016055,494.8817477705602,297.22217781841044,276.36450549086663,184.62160952367904,125.6538074870757,88.5739335972077,32.61886207439434,28.405642352726293,35.1026123080193,53.73576857365848,84.37435219576014,48.23285719118079,62.567296828630155,52.24912353428899,50.239358195338184,19.969370524032207,38.24919967445635,359.8712385404832,509.84747763458915,213.66950311653733,77.62787317169705,199.90414150479398,27.262587950629165
t0262,156.9889993504917,1514.6114003523217,103.33608586719599,16.731577185070424,24.72682736785512,89.48039229596182,52.269869026722354,35.01670100449388,29.04307678596817,36.9408557011604,17.207998952326758,410.4729597631858,488.6113385469186,293.4562181853074,272.86282341808084,182.2823576752202,124.06170837046423,87.45165577487094,32.20556412081776,28.04572808509689,34.65784394672551,53.05490842793342,83.30528525475756,47.62172179575217,61.7745366250058,51.58709995469136,49.60279938823517,19.716348209735294,37.76456241410862,355.3114827126854,503.3874448271304,210.9621993430831,76.644287630019,197.37125202486723,26.91715677698802
t0263,154.7970295890469,1493.4635339180647,101.89324862112085,16.49796138139826,24.381577330520994,88.23101612969255,51.540047365234734,34.52777789481764,28.63756081760384,36.42506644844939,16.967731076777962,404.74170267247155,481.78906893806044,289.3588154422398,269.05295737377566,179.7372276487723,122.32948818671676,86.23060598259329,31.75589170430979,27.654137666949268,34.173931403538404,52.31412559950979,82.14212944764725,46.95680021146221,60.91200538479472,50.86681150359512,48.910216871040575,19.441057334192042,37.23727209944708,350.3504215604864,496.3588628123577,208.01662504373027,75.57413646294646,194.61544226745156,26.541324113786565
t0264,152.7500350213915,1473.714371101196,100.54583952055918,16.27979674726564,24.05916186506314,87.06427274194363,50.858495547002676,34.07119178349794,28.258865363432907,35.943391100127734,16.743354333685343,399.38950651681114,475.4180189929151,285.53241176455987,265.4950729387974,177.3604305643629,120.7118357133647,85.090315484251,31.335960275506878,27.28844673781632,33.72202446369477,51.62233757749069,81.05590387082987,46.335856029248106,60.1065212972855,50.194162376552846,48.263441228745236,19.183973985382202,36.744856360564796,345.7174811764621,489.7951458051136,205.26586876257323,74.5747642708211,192.04189964740948,26.190348733809724
t0265,151.4272197063716,1460.9520045342451,99.67511254258694,16.13881370618366,23.850809521463404,86.31029613330989,50.41806097165855,33.77613526003541,28.014143587214658,35.63212133043936,16.59835688386936,395.93079335969344,471.30089891191363,283.0597010567434,263.1958855867514,175.82448922205023,119.66647120681357,84.35343334562052,31.064590857113675,27.05212878697046,33.42999172924856,51.17528813010386,80.35395973708155,45.934587512475176,59.58599881823346,49.759480926515856,47.84547982399658,19.01784076919503,36.42664590165947,342.723567762915,485.55351980481396,203.4882663233203,73.92894680650676,190.37881678170976,25.963540311762923
t0266,148.4017573921222,1431.7626999877027,97.68363903306258,15.816365914040148,23.374278779424742,84.5858469306541,49.410725938214334,33.10130001873349,27.45443090244479,34.92020414361492,16.26672758150229,388.02023608549007,461.8844735750766,277.4042683023781,257.9373248428358,172.31157808827288,117.2755774189103,82.66808156963472,30.443931314344432,26.511636817799364,32.762072313316395,50.15282396574352,78.748516029823,45.01683069366106,58.39549162784166,48.76530408953962,46.88954405237393,18.63787103418196,35.69885439479776,335.8760720452863,475.85233214139936,199.4226427032939,72.45187258610606,186.57511532881819,25.44479795546759
t0267,141.5037400098643,1365.2114396432078,93.14310358487494,15.081188858751503,22.287794467165696,80.65412366353036,47.11401427939487,31.562683853284504,26.17829276962834,33.297041592121865,15.510616794261617,369.9842614432679,440.4151380139261,264.50995021417526,245.94787012500748,164.3021833094999,111.82436858037589,78.8254999611266,29.02883508448158,25.27932168343023,31.239224145832072,47.82161807192852,75.08812384885027,42.92435627775149,55.68114967277981,46.498592959078344,44.71002208711321,17.771544646803928,34.03949858615098,320.2638648587434,453.7337419293836,190.15307015943023,69.08416127824371,177.9027221493067,24.262071674665656
t0268,132.739939403831,1280.6593222131337,87.37443918358035,14.147160316107925,20.90743669962629,75.65894362240736,44.19608555987383,29.60790111848068,24.55698341043124,31.234844273070006,14.549992341140983,347.06989681634525,413.13875328258524,248.12796298311525,230.7154946902389,154.1263987432403,104.89871086231365,73.94357271113276,27.230982091422277,23.713688614834922,29.3044743541858,44.85986507931472,70.437664820371,40.26590711213704,52.23262956148861,43.61877934336714,41.940980656579356,16.670893358470835,31.93131841849192,300.4288509379526,425.6324914449703,178.37625357927385,64.80554776290221,166.88461065572793,22.75944030653902
t0269,126.8922938211098,1224.2419254435958,83.52529810645358,13.523929810639205,19.986393037773723,72.32590995180323,42.24909774551669,28.30357242158109,23.47516480926333,29.858843199386147,13.909015715534323,331.7802879907816,394.93858672733273,237.19708269791647,220.55169282736287,147.3366069229374,100.27756604363934,70.68610696060674,26.031364758046657,22.66902001620994,28.013512637758534,42.88363552059494,67.33464623083448,38.49205701912009,49.931604663474104,41.69722383041073,40.09333787948492,15.936483833006909,30.524635291024943,287.19393874046654,406.8819332509611,170.51817321559477,61.95064307623769,159.53277622889266,21.75680958987999
t0270,125.011711355587,1206.0982870143557,82.28742773374202,13.323501049356791,19.690188601995516,71.25401792461604,41.62295324129338,27.884104852630696,23.1272557126101,29.41632604353173,13.702879863784407,326.8632030109704,389.08547651242213,233.6817496452748,217.28304952537292,145.15303350673355,98.79142195475693,69.63851731348767,25.645571999137076,22.333058231066627,27.598343843201633,42.248086973166245,66.33672625310592,37.921593003439895,49.19160306544227,41.079258265795765,39.49914239345536,15.700300285874478,30.072250893468798,282.9376370444694,400.8518190007726,167.9910419222295,61.03251566606353,157.1684518667278,21.434367041255808
t0271,127.0437394409902,1225.7030549708447,83.62498533068532,13.540070585399558,20.010246745446832,72.41223073564457,42.29952193287102,28.337352661035652,23.503182356895856,29.894479650435077,13.925616089312221,332.17626689435235,395.40994489480295,237.48017679402957,220.81492069432065,147.51245277688636,100.39724705571865,70.77047064387874,26.062433123614014,22.6960754321462,28.04694669162183,42.93481702711966,67.41500995451523,38.537997188220906,49.99119790268644,41.74698935769476,40.14118917309297,15.955503984665654,30.5610663631891,287.53670395314174,407.36754577118387,170.72168620811672,62.02458100627383,159.7231781789219,21.782776285064838
t0272,133.9120784369321,1291.967981734998,88.14598534461044,14.272084576948522,21.092056511476343,76.32703795348297,44.58635210080845,29.869349004814183,24.773829967088265,31.51065862351895,14.678473746443487,350.13464262759027,416.7869096775946,250.31901770200858,232.75279136283217,155.4873875218222,105.8250023317533,74.59651973077835,27.47144097035794,23.923088590223575,29.563242878484672,45.25599302027411,71.0596534750838,40.62146883411261,52.69386153270619,44.003948073096936,42.31133385046289,16.818103044642847,32.21328287368749,303.0817403730062,429.39097181809245,179.95137686422976,65.37780289903951,168.35825880602843,22.96041394322021
t0273,145.5807998529847,1404.5464334571518,95.82677828678054,15.515713836524137,22.929958920256958,82.97796110236926,48.47148126686342,32.47207996444285,26.932551746847324,34.256408681362664,15.957514613849318,380.644389400393,453.10454730709205,272.1311120014808,253.03421416593366,169.03612061505433,115.04629502973734,81.09665039491016,29.865224976418393,26.007679162106427,32.139300612265615,49.19947281032985,77.25159157357656,44.16110923749386,57.28545623975707,47.838328192237874,45.998224332677104,18.283585183857262,35.02025763008774,329.4914297452058,466.80689192923586,195.63183309770332,71.07464053853427,183.02852337834972,24.961119757273174
t0274,159.8760877966205,1542.4656900950663,105.23647647296885,17.03927736391342,25.18156329138168,91.12597133539492,53.231132144342475,35.66067168594218,29.577190206498983,37.62021233204651,17.52446071182458,418.02171632882784,497.5970901346264,298.85299159282454,277.88087632705975,185.63460076839587,126.3432511940076,89.05992556464633,32.7978369071847,28.5614998770871,35.29521510801901,54.030608723918704,84.83730168619883,48.497503687159245,62.91059425766092,52.53580668487421,50.51501406316087,20.078939482701458,38.459067330185356,361.8457983702205,512.6449347270567,214.8418758224111,78.05380573761822,201.000985723894,27.412173705912963
t0275,171.8489599724586,1657.9785525727689,113.11747292723086,18.315322410163915,27.067371498416517,97.95025395160259,57.217529045360656,38.33124406286607,31.792180093625483,40.43753166783402,18.836840386263972,449.3267141262239,534.8613642193767,321.2336284786824,298.6909440377865,199.53648801772673,135.80490126108933,95.72948521844283,35.254016029063415,30.700426291233494,37.93841900880869,58.07687718563594,91.19063558891486,52.12940649699187,67.62187105917464,56.470131740993295,54.29800509499216,21.582620109153808,41.33920721534455,388.94386882564675,551.0361185474032,230.93105058700263,83.89913415297838,216.05363770241277,29.465028866218574
t0276,179.9816102623143,1736.441405989609,118.47069036384976,19.18208419988724,28.348318829709694,102.58569172974572,59.925314732572005,40.14524749464917,33.29672619442822,42.35121391352329,19.728282705448603,470.59083485447377,560.173361623658,336.43581976443267,312.8263161284612,208.9794341803001,142.2317878118245,100.25982643106511,36.92239146597784,32.15330578969603,39.73383222747526,60.82533101482043,95.50617842998395,54.59639979695546,70.82203607244045,59.14254729326187,56.86762603971679,22.604004828122637,43.295560722495,407.35040714888964,577.1135766242149,241.85972583644295,87.8696110054261,226.27824819505994,30.85944391294253
t0277,183.368783632371,1769.120456257354,120.70025574526744,19.5430824412595,28.88182150526596,104.51630854481594,61.0530823414883,40.900763088992555,33.92335568236014,43.14824480878191,20.099560158292004,479.4471437945299,570.7155736326596,342.76739134987645,318.71356741985124,212.91233362104504,144.9085264150052,102.14667150195243,37.61725435196989,32.75841661724901,40.481605170583464,61.970036527444805,97.30356197257169,55.62387961127479,72.15487510109534,60.25558356922968,57.937849315635574,23.029402084536013,44.11036380213837,415.01655953726714,587.9745958994105,246.41141765344824,89.5232777661637,230.53670357498643,31.44020483893011
t0278,183.1331024336397,1766.84663177332,120.54512148305707,19.517964005038127,28.844700125175706,104.3819752717426,60.97461171335057,40.848193940182774,33.87975449259473,43.09278700479673,20.073726489451317,478.83091743724356,569.9820413058158,342.3268374667177,318.30392956255906,212.63868053234324,144.72227761880694,102.01538388849333,37.568905448612234,32.7163127065181,40.42957475927693,61.89038735158785,97.1784991365085,55.55238705749773,72.06213550212289,60.178137954526136,57.86338265065514,22.999802732989732,44.05366940077176,414.48314486161996,587.2188808052703,246.09470868508822,89.40821481487869,230.2403981429831,31.399795206396078
t0279,180.9010564430683,1745.3121145943014,119.07590455005233,19.28007695609596,28.49313781116444,103.10975650682741,60.23144657393648,40.35033174981604,33.46682439327453,42.56756747223594,19.82906574744897,472.99487460705836,563.0350387536402,338.1545210756412,314.42440696221064,210.04701737578975,142.95838690100254,100.77200939442871,37.111011579822915,32.31756276108252,39.93681474460591,61.1360606399925,95.99407711512116,54.87530857659727,71.18383442775645,59.444680323128644,57.15813750638586,22.71947865835825,43.516738530004794,409.431379618998,580.0617937954863,243.09527985151388,88.31849785628565,227.43420335507565,31.01709111814641
t0280,177.8176999112647,1715.5642534464373,117.04632288096806,18.951458912701817,28.007488338966457,101.35230883090374,59.20483551999731,39.662583090921984,32.896401236988524,41.842027280325475,19.491090499575268,464.9329436001033,553.4384239051155,332.3908678841208,309.0652201889122,206.46688436968245,140.52174178297895,99.05440730023047,36.47847530719756,31.766728121469914,39.25611424996306,60.09403094923507,94.35791218326783,53.93998987552799,69.97054609679125,58.43147925642852,56.18390927305595,22.33223795176532,42.77502025246943,402.45285255290037,570.1749675053817,238.95185784105874,86.81315884611814,223.55771556523723,30.48842228460213
t0281,174.100542879321,1679.7015596221895,114.59954979607687,18.555291665020086,27.422011008654444,99.23360834348024,57.967199048554654,38.83346400033064,32.20872453638598,40.96734840407493,19.083642623762557,455.2138393627421,541.8691733176131,325.44246481442696,302.6044237826616,202.1508357902595,137.58423117031083,96.98374286792252,35.71591780549554,31.10266646238035,38.43549211165032,58.83780645734106,92.38542475953786,52.81241139054677,68.50785983112468,57.210009267145715,55.009423192420314,21.865397837519833,41.880837798178625,394.0398517569203,558.2558509553502,233.95673317622985,84.99838931512586,218.88439488415048,29.851082732101837
t0282,170.2202484717221,1642.2649355861865,112.04539353192723,18.14173755836201,26.810838440193507,97.02192301997168,56.67524559124584,37.967956801466684,31.49086730499835,40.05428190653577,18.65831280844469,445.0681862480057,529.7921752330521,318.1891124966806,295.86007805059546,197.64536587824375,134.5178000497944,94.82220179025188,34.919893428828374,30.409460681746776,37.57885477653571,57.52644919460087,90.32636945098221,51.63534610871937,66.98097966761166,55.934931801293914,53.78339164967695,21.37806919657663,40.94741175592628,385.2576239254809,545.8136321049878,228.7423841090182,83.10397377075267,214.00597302897935,29.18577182915746
t0283,166.9920548640914,1611.1197033667888,109.92047463178638,17.797683065767682,26.302376150630874,95.18192128983002,55.60041068076247,37.247901951695646,30.893649186440435,39.29466031057507,18.304461567607138,436.62755543759835,519.7447705980846,312.1547184207601,290.2491497310147,193.89706030100228,131.9666963701083,93.02391734155063,34.25764450275648,29.83275122757969,36.866179170308705,56.43547137482314,88.61334758031686,50.65609190287406,65.71069853280444,54.874136796555135,52.76340018168759,20.972638309572957,40.17085212764291,377.9512886920798,535.4623836845525,224.4043296836211,81.52792321681389,209.94739174778877,28.632269393938618
t0284,164.1443636477377,1583.645513462928,108.04601676993707,17.494181765786184,25.85384555679908,93.55879783384695,54.65226496658387,36.612718898814634,30.36682428150146,38.62457418517768,17.992318247563666,429.1818092585387,510.88163864140256,306.83158942211634,285.2995732082524,190.59056194127285,129.71628749640337,91.43759401293514,33.67345387510738,29.32401766118586,36.23750558048282,55.47308549211955,87.10223705615726,49.792260937478595,64.59014355080468,53.938376125260206,51.86363359480037,20.6149949597349,39.48582443066395,371.5061403531726,526.3312215586219,220.57759529753386,80.13763940348498,206.36718942101862,28.144007469598858
t0285,161.8217869718538,1561.2375668804268,106.51720912223401,17.246646135381685,25.488024048599193,92.2349785028405,53.878957415384484,36.09466366337828,29.93714594086566,38.07805200723096,17.737734186446882,423.109059407458,503.65286908954465,302.4900459345461,281.26269908325867,187.89378220439212,127.88085424041934,90.14378886218904,33.1969880566732,28.909094614487532,35.724759462473784,54.68816366087222,85.86977546132547,49.08772048709131,63.676219017733104,53.17516981381822,51.129784055059986,20.323301078794238,38.92711590840535,366.24947800207514,518.8838466270954,217.45651110873987,79.00372406211899,203.44717675554824,27.7457810921457
t0286,159.3723656100815,1537.6058376882168,104.90490751376302,16.98559164912589,25.102223645932376,90.8388603973918,53.06341661761652,35.54831547456212,29.484001242922073,37.50168218863903,17.469246328051902,416.704653746975,496.0293091255181,297.9113943567803,277.00535601285924,185.04972113889613,125.9451810409097,88.77932412476439,32.694500640027265,28.471511052822013,35.18401034204304,53.86037428334953,84.57000448313113,48.34470242128103,62.7123816135271,52.37028192266861,50.35585621981087,20.01567669313109,38.33789420320431,360.7057294627497,511.0297424178268,214.16497272238604,77.8078813205543,200.3676911679618,27.32580606790511
t0287,156.9630008871495,1514.3605702359907,103.31897269715566,16.728806320246118,24.722732434340337,89.46557372454231,52.26121277514157,35.01090199678508,29.038267051717433,36.93473804013479,17.205149188764942,410.4049826040121,488.5304211321548,293.4076198073153,272.8176354485961,182.25217045692108,124.04116289408954,87.4371731762412,32.20023065680643,28.04108351868432,34.652104368225764,53.046122168401894,83.29148932374413,47.61383530947911,61.764306334778006,51.578556774387955,49.59458482182032,19.71308304619967,37.75830834155819,355.25264067536693,503.3040803870397,210.92726254477938,76.63159480625056,197.33856598137498,26.91269910978434
t0288,155.4593969709902,1499.8539765099883,102.32924383695958,16.56855518747199,24.485904665399055,88.60855145653424,51.760584195490296,34.67552022494649,28.760099255417256,36.580927164669994,17.04033499973876,406.4735686047453,483.8506160174108,290.5969647887455,270.20421914832576,180.5063126708268,122.8529288692661,86.59958167211205,31.891773296516693,27.77246809496191,34.32015964535005,52.537974664985995,82.49361078662339,47.1577255968076,61.17264427200563,51.08446759720937,49.1195008113407,19.524244474687208,37.39660819586121,351.84955040105797,498.48275318246493,208.90671594338568,75.89751374637677,195.44819029448186,26.65489287807894
t0289,155.0060232867374,1495.4798805310977,102.03081616266577,16.52023551651963,24.414495249006638,88.35013809450601,51.609632325014644,34.57439434472259,28.676224800653106,36.47424445493888,16.990639454726608,405.2881502708242,482.4395392945753,289.7494829438008,269.4162096440898,179.9798934668353,122.49464698944443,86.3470271648746,31.79876579077231,27.691473916248114,34.220070120202465,52.38475565345534,82.25303071891202,47.02019726329169,60.99424355999037,50.93548751794814,48.9762512588183,19.467304985520183,37.28754667647631,350.82343470733895,497.02900405728985,208.2974712832505,75.67617019234739,194.87819537721808,26.577157937490213
t0290,156.5452469939182,1510.3301298111999,103.04399131399565,16.684282936200855,24.6569333755342,89.22746288617685,52.12212060069022,34.91772118008286,28.960982283683045,36.836436972210905,17.159358027684892,409.31269793619026,487.23020716939675,292.6267212848262,272.09153675841657,181.76710994375614,123.7110298154209,87.20446088543979,32.114530385762954,27.966452734715197,34.55987848424887,52.904940973270406,83.06981068775116,47.48711203737176,61.59992186653867,51.441281475253966,49.46258982442981,19.660617069226777,37.65781535771893,354.30714286451956,501.964546625118,210.36588384649588,76.4276413465569,196.81335332770846,26.841071498392292
t0291,159.6460985586719,1540.2467809791633,105.08508887422298,17.014765565619314,25.145338433546108,90.99488235896578,53.15455666838641,35.60937214003248,29.53464203353576,37.56609389516858,17.499250954567447,417.42037251744597,496.88127342217916,298.42307757164497,277.48113167563787,185.36755670348273,126.16150051157268,88.93180869179398,32.75065568314673,28.52041282221898,35.24444128850791,53.952883163470155,84.71525925550559,48.427737757374864,62.82009442224701,52.460231467147835,50.44234585023756,20.050054988127652,38.40374216111607,361.3252662470681,511.90747098559916,214.5328157248016,77.9415216834611,200.71183639474376,27.372740010555354
t0292,164.5764112903418,1587.8138583004065,108.33040683853788,17.540228549381,25.92189597764105,93.8050558054928,54.79611627964182,36.70908796405715,30.446753403358805,38.726238694713366,18.039676186094688,430.31146723044844,512.2263403583523,307.63920694817887,286.0505158864007,191.09221914813276,130.05771631536942,91.67826872183626,33.762086442450965,29.401201991007785,36.33288703929124,55.61909730319996,87.33150058582935,49.92332013731889,64.76015255164053,54.08034839730742,52.000144895789084,20.669256097776554,39.589755854091685,372.48398905041455,527.7165884298923,221.15818197100688,80.34857127722533,206.91037260269357,28.218085871137934
t0293,171.6620934403367,1656.1756862504972,112.99447032138622,18.295406544603654,27.03793875790779,97.84374400077525,57.15531137915538,38.289563120187715,31.757609651979262,40.393560372857614,18.816357428207787,448.83812155707506,534.2797622805946,320.8843228200135,298.3661510282884,199.31951439418177,135.6572286132718,95.62539010534203,35.215681227853224,30.667043009794803,37.89716521946076,58.0137250743989,91.09147596736565,52.07272159523147,67.54833983418236,56.40872678580126,54.23896208469483,21.559151422613322,41.29425544901301,388.5209358502643,550.4369283715455,230.67993888641755,83.80790322408762,215.81870352511984,29.43298894136838
t0294,180.1064309092204,1737.6456609092882,118.55285202574997,19.195387337665302,28.367978924370853,102.65683684499585,59.9668740704403,40.173088982205506,33.319818103081474,42.380585280465944,19.741964642208984,470.91719848878625,560.5618524326665,336.66914436134107,313.0432670885704,209.12436536591645,142.33042824369645,100.32935851479066,36.94799784199251,32.17560471469725,39.76138839077141,60.86751453098345,95.57241376901545,54.63426343164274,70.8711524924174,59.18356376712306,56.907064812711134,22.619681132502862,43.325587011790155,407.63291235185835,577.5138157923585,242.027460125493,87.93055024067962,226.43517643500246,30.88084552028876
t0295,189.7462874723035,1830.6498631694071,124.89816952997985,20.22278419225725,29.886321420166208,108.15135015809555,63.17648775084729,42.323277698563054,35.10319843880985,44.648926067081845,20.798616014753673,496.1221521575918,590.5648668997662,354.6887244755851,329.7983167419265,220.3173520671482,149.9483956083542,105.6992979459718,38.92556964601896,33.89774318978856,41.889541610515494,64.12533329107981,100.68774671670627,57.55845919884546,74.66439708139957,62.35125224291497,59.95290798139349,23.830356845297977,45.644507231332696,429.4506941247055,608.4241520825889,254.98152283252114,92.6368668755385,238.55469160528554,32.53368445479829
t0296,197.8101191025406,1908.4487622528447,130.20608792686326,21.082211425292236,31.156429347914447,112.74756276323018,65.86136009801736,44.12193099474835,36.59501303852729,46.54641469293128,21.68251493008506,517.2063354442538,615.6626736439863,369.76227449554085,343.81407501351157,229.68039181857665,156.32089770848853,110.19130331495691,40.57982725452359,35.33832839105301,43.6697620043628,66.8505296455412,104.96677134252401,60.004576749066885,77.83748223030113,65.00105375797597,62.50078473906456,24.84309858506456,47.58430603352181,447.70147592941174,634.2809421548579,265.81771939970315,96.57374546846522,248.69278122661186,33.91629993175749
t0297,204.0446299926554,1968.5985900041928,134.3098783538761,21.746673270394066,32.138406907747836,116.30110143491399,67.93715565707068,45.512550749327524,37.74840199733137,48.01344848582055,22.365896933341514,533.5074657675818,635.066916768075,381.41631392261917,354.6502880675835,236.91937893680623,161.247765674282,113.66427468583467,41.85880820901236,36.45210959796015,45.046130453156806,68.95750150813342,108.27507772242119,61.89578023701819,80.29073706289324,67.04973447947619,64.47066284673824,25.62609477037342,49.08405172656577,461.8119761397447,654.271989423814,274.19567030485297,99.61752336291262,256.53099425577705,34.98526213771688
t0298,207.7975754681752,2004.80656652255,136.7802087433793,22.14665477963874,32.729521159562196,118.4402005743711,69.18670797781573,46.349652521720174,38.44269958550651,48.89654868926844,22.777267679559866,543.3201446402411,646.7475550285519,388.43161557342404,361.1732884231575,241.27698203214797,164.2135583670216,115.75487528348725,42.6287075437036,37.12256478119012,45.87465346540141,70.22582081306889,110.26655607235152,63.03421494320304,81.7675059364342,68.28296466866868,65.65645677056334,26.09742957799456,49.98684328669664,470.3059765280759,666.3058621238986,279.2388875672468,101.44976532684369,261.24930923548254,35.62873793639066
t0299,208.6846868878585,2013.3653131557155,137.36413896917495,22.24120136093805,32.86924719782803,118.94583522502754,69.48207388186505,46.5475244456718,38.606815830505624,49.10529360184801,22.874506418857937,545.6396399652871,649.5085937000832,390.08987419922784,362.71517815850626,242.30702083594633,164.91460467406344,116.24904597588652,42.81069433148568,37.2810452209697,46.07049756450354,70.52562280767613,110.73729650751079,63.30331515662421,82.11658069398037,68.5744723900217,65.93675163178047,26.208842465035513,50.20024279058228,472.31376608761894,669.1503974268745,280.43099005170774,101.88286588224173,262.3646121695279,35.780841059928385
